Trait,R Squared,Adj. R Squared,F- Stats,Prob (F - Stat),Primary Variable,Coef,t-value,P > |t|,Linearity (Rainbow p-value),Independence (Durbin-Watson),Homoscedasticity (BP p-value),Normality (Shapiro-Wilk p-value),Max VIF,Influential Points
OP,0.5842423228743188,0.46471199070068536,4.887816441651233,5.4511621641517264e-08,perceived_personalization_OP,15.424256325716506,6.498157725804131,6.417314290382025e-09,0.8384427850205959,1.931007704881347,0.8399934151579695,0.6249426007270813,4.688624458954452,8
CO,0.6669749057424587,0.5712301911434154,6.966179893434287,2.878915158881489e-11,perceived_personalization_CO,19.623877524040843,8.675223418927947,3.820285326969085e-13,0.737215659142505,2.1391444572543254,0.7388000429474177,0.20451340079307556,4.660169549942534,7
EX,0.6245503690725254,0.5166086001808764,5.785993461895588,1.7995662732631175e-09,perceived_personalization_EX,17.731435627322206,6.962999507485796,8.356821674717989e-10,0.9150372294477835,1.7872119755155678,0.20364729823478267,0.13494747877120972,4.687780364279174,8
AG,0.6621345064982682,0.5649981771165202,6.816548563370817,4.764723064841243e-11,perceived_personalization_AG,17.574726949870474,9.369140728707738,1.655448592019002e-14,0.296292936307407,1.7333323243923722,0.8336837724817182,0.3372591733932495,4.658191399924859,10
