Trait,R Squared,Adj. R Squared,F- Stats,Prob (F - Stat),Primary Variable,Coef,t-value,P > |t|,Linearity (Rainbow p-value),Independence (Durbin-Watson),Homoscedasticity (BP p-value),Normality (Shapiro-Wilk p-value),Max VIF,Influential Points
OP,0.5789831530069415,0.46463289826808607,5.063243228702727,3.560826505974757e-08,perceived_personalization_OP,14.514355123061042,6.613353110327408,3.720760997406072e-09,0.9110713666505499,1.897068928397011,0.7823946309690604,0.7640957832336426,4.651713044891552,10
CO,0.6669634039066454,0.5765090197825244,7.373477917791601,1.0375185799503324e-11,perceived_personalization_CO,19.683130839442903,10.098751580582649,5.433384157878103e-16,0.702364046747523,2.1375920891354805,0.7622436459929999,0.21192899346351624,4.651713044891552,6
EX,0.6169296575025658,0.5128858607748676,5.929518884409654,1.4233212931413422e-09,perceived_personalization_EX,17.538941084005174,6.873143234974809,1.1839446864677475e-09,0.8784353074260327,1.8333743421935251,0.21164820266254405,0.08513796329498291,4.651713044891552,7
AG,0.6375362721066351,0.539089333666462,6.4759380251735275,2.076388423337251e-10,perceived_personalization_AG,17.991869230349593,9.357852875602592,1.559402554888516e-14,0.3702405088271538,1.697561133334815,0.5872085417304469,0.49993064999580383,4.651713044891552,10
