Trait,R Squared,Adj. R Squared,F- Stats,Prob (F - Stat),Primary Variable,Coef,t-value,P > |t|,Linearity (Rainbow p-value),Independence (Durbin-Watson),Homoscedasticity (BP p-value),Normality (Shapiro-Wilk p-value),Max VIF,Influential Points
OP,0.9177438130141218,0.8839399005541718,27.14904122714914,8.683669038624025e-29,overall_attitude_OP,1.0396302761442953,9.767787751852918,6.866572956358951e-15,0.8675072451235832,1.7959828863589296,0.07101110374797161,0.17535355687141418,10.846868415691748,12
CO,0.8723636743729193,0.8199103898686395,16.631249741886833,4.020724722624891e-22,overall_attitude_CO,0.9211288155909627,6.790443521636763,2.5426465357941733e-09,0.3791947751895849,1.5497435765322827,0.40909034125137445,6.362192380038323e-06,10.846868415691748,13
EX,0.9193759743735709,0.8862428131572302,27.74790996761726,4.280408195024526e-29,overall_attitude_EX,0.9315697733233096,8.08047484294842,9.941577899398719e-12,0.0943814629097635,1.7944253935823689,0.46700870277392414,1.8328886426388635e-06,10.846868415691748,10
AG,0.9584617930659193,0.9413912970656121,56.147272642146696,2.315694962774572e-39,overall_attitude_AG,1.023156491674281,11.486273882233736,4.9958131786163905e-18,0.04814027696532105,2.216819485002983,0.6467837744834423,0.00819779559969902,10.846868415691748,11
