Trait,R Squared,Adj. R Squared,F- Stats,Prob (F - Stat),Primary Variable,Coef,t-value,P > |t|,Linearity (Rainbow p-value),Independence (Durbin-Watson),Homoscedasticity (BP p-value),Normality (Shapiro-Wilk p-value),Max VIF,Influential Points
OP,0.8699743131663678,0.834658694520196,24.634265135850168,3.876335950654557e-27,chat_perceived_personalization_OP,0.4860867843154686,5.048940057602058,2.6844240692261066e-06,0.47248301804374526,1.884193039090823,0.026700255174069466,2.6089207949553384e-06,7.211978026571555,7
CO,0.8949134754483505,0.8663714564343223,31.3542456477415,9.166557041539554e-31,chat_perceived_personalization_CO,0.8013912608102954,10.158184837576583,4.15572037512328e-16,0.6421063022729622,1.852012363613694,0.07838887797315303,0.7182255387306213,7.211978026571555,8
EX,0.7896166584411752,0.7324755039437166,13.818703268872431,4.405723552280697e-19,chat_perceived_personalization_EX,0.7850388229269887,8.906929197345454,1.213730965209177e-13,0.5247650699917157,2.2257086676257596,0.008276137452739378,7.043197547318414e-05,7.211978026571555,8
AG,0.8277456355930092,0.7809604995812338,17.692491807326906,2.1153448231904418e-22,chat_perceived_personalization_AG,0.5124971404613248,5.066439230372426,2.503772061226922e-06,0.7195662001846994,2.192551610008925,0.05052684984838494,3.6910722656102735e-07,7.211978026571555,8
