Trait,R Squared,Adj. R Squared,F- Stats,Prob (F - Stat),Primary Variable,Coef,t-value,P > |t|,Linearity (Rainbow p-value),Independence (Durbin-Watson),Homoscedasticity (BP p-value),Normality (Shapiro-Wilk p-value),Max VIF,Influential Points
OP,0.7580691964894489,0.6763782758235486,9.279723992704175,1.0355926720489787e-14,chat_overall_attitude_OP,0.28434011239094087,1.1212630105247217,0.2656606302371615,0.9779502148967201,1.761638626766147,0.28634022100196976,4.1156632505590096e-05,19.99289308904911,8
CO,0.7588846300832791,0.6774690506308798,9.32112299866356,9.207427284634937e-15,chat_overall_attitude_CO,0.9726640192170497,3.4675339602142787,0.0008627518203167907,0.9997448464103385,1.7874180622215328,0.20341042604078746,2.0730637118049344e-07,19.99289308904911,8
EX,0.8226715749286262,0.7627944443850454,13.739328646182457,1.7087318234033161e-19,chat_overall_attitude_EX,0.6661317887626945,5.135386217669589,2.0627642562210344e-06,0.985129463700324,1.5933301286901753,0.36605410157673784,1.4121872027317295e-06,19.99289308904911,7
AG,0.7535933977206961,0.6703911683796324,9.057370261457255,1.9586241982540507e-14,chat_overall_attitude_AG,0.40342607841177924,1.6419712364843044,0.10467424103492558,0.9885653755741819,1.813732291453839,0.5433479465775433,1.6041551020862244e-07,19.99289308904911,9
